{
 "la chouffe blond": {
  "ts": 1783800591.159175
 },
 "tripel karmeliet": {
  "ts": 1783800593.3371897
 },
 "trappist westvleteren 8": {
  "ts": 1783800595.6682713
 },
 "brugse zot blond": {
  "ts": 1783800597.823113
 },
 "la trappe witte trappist": {
  "ts": 1783800600.107608
 },
 "chimay premiere rood": {
  "ts": 1783800602.6648133
 },
 "blanche de namur": {
  "ts": 1783800605.2018673
 },
 "gouden carolus whisky infused blond": {
  "ts": 1783800607.414398
 },
 "artevelde gentse grand cru": {
  "ts": 1783800609.6001887
 },
 "klein duimpje diablo fuego imperial stout": {
  "ts": 1783800611.8224614
 },
 "de magistraat pikjongen imperial stout": {
  "ts": 1783800614.0546415
 },
 "klein duimpje black jack choco ris": {
  "ts": 1783800616.2608156
 },
 "dutch bargain woest imperial stout": {
  "ts": 1783800618.479263
 },
 "kompaan bloedbroeder imperial stout with ruby port": {
  "ts": 1783800620.6698756
 },
 "de toekomst futurum imperial stout": {
  "ts": 1783800622.8629656
 },
 "frontaal deer hunter russian imperial stout": {
  "ts": 1783800625.340955
 },
 "de moersleutel motor oil imperial stout alcoholarm": {
  "ts": 1783800627.6537883
 },
 "de kromme haring beluga russian imperial stout": {
  "ts": 1783800629.830889
 },
 "eleven met jan naar de maan imperial stout": {
  "ts": 1783800632.2711248
 },
 "pophop painted black whisky oaked stout": {
  "ts": 1783800634.4767206
 },
 "de toekomst futurum double mash imperial stout": {
  "ts": 1783800636.657145
 },
 "kees 10 years hundred imperial stout": {
  "ts": 1783800638.8660553
 },
 "pohjala gimme danger gluten vrij imperial stout": {
  "ts": 1783800641.0812728
 },
 "kees pistachio dreams imperial stout": {
  "ts": 1783800643.31194
 },
 "brouwerij lost oblivion imperial stout": {
  "ts": 1783800645.5259159
 },
 "kees barrel project buffalo trace b a imperial stout 2026": {
  "ts": 1783800647.851296
 },
 "bird brewery captain black bird imperial vanilla stout": {
  "ts": 1783800650.0369413
 },
 "bird brewery captain black bird bourbon b a imp vanilla stout": {
  "ts": 1783800652.302044
 },
 "brouwerij lost tiramisu imperial stout": {
  "ts": 1783800654.5060139
 },
 "kees 1850 10 years edition imperial stout": {
  "ts": 1783800657.8093665
 },
 "pohjala pime oo imperial stout": {
  "ts": 1783800660.0067942
 },
 "kees anniversary 11 imperial stout": {
  "ts": 1783800662.2385
 },
 "baxbier ba 25 01 bourbon imperial stout": {
  "ts": 1783800664.4566443
 },
 "baxbier ba 25 02 rum imperial stout": {
  "ts": 1783800666.7489295
 },
 "brouwerij lost adonis imperial stout": {
  "ts": 1783800669.0892951
 },
 "de moersleutel motor oil imperial stout": {
  "ts": 1783800671.3132875
 },
 "arpus hazelnut x chocolate x vanilla imperial stout": {
  "ts": 1783800673.5130622
 },
 "de toekomst futurum px sherry b a imperial stout": {
  "ts": 1783800675.8549945
 },
 "de moersleutel pure space energy supernova smoked imperial stout": {
  "ts": 1783800678.0427032
 },
 "to l tool goliat cognac rye and bourbon ba imp coffee stout": {
  "ts": 1783800680.2300203
 }
}